{
  "K": [
    809.2209905677063, 0, 829.2196003259838, 0, 809.2209905677063,
    481.77842384512485, 0, 0, 1
  ],
  "R": [
    -0.99994107, -0.00469355, 0.00978885, -0.00982374, 0.0074685, -0.99992385,
    0.00462008, -0.9999611, -0.00751417
  ],
  "T": [-0.00526441, -0.27648432, -0.91085728],
  "imageWidth": 1600,
  "imageHeight": 900,
  "distortionCoefficients": {
    "k1": -0.2916058942,
    "k2": 0.0763231072,
    "k3": 0,
    "p1": 0.0014829263,
    "p2": -0.0019540316
  }
}
